{
  "_turnover_per_bar": 0.5151499379250861,
  "TRAIN": {
    "n_bars": 0,
    "SR_gross": NaN,
    "SR_net": NaN,
    "ret_ann_gross": NaN,
    "ret_ann_net": NaN,
    "max_dd_gross": NaN,
    "max_dd_net": NaN
  },
  "VAL": {
    "n_bars": 117,
    "SR_gross": 3.4265075358853347,
    "SR_net": 2.913459185422979,
    "ret_ann_gross": 0.19901050635000772,
    "ret_ann_net": 0.16902821851808647,
    "max_dd_gross": -0.02342587491491488,
    "max_dd_net": -0.02435121012605168
  },
  "TEST": {
    "n_bars": 284,
    "SR_gross": 4.084384242315913,
    "SR_net": 3.5450509245371062,
    "ret_ann_gross": 0.23053233547422256,
    "ret_ann_net": 0.20002521007447266,
    "max_dd_gross": -0.0256516203733278,
    "max_dd_net": -0.026505963694654744
  },
  "VAL+TEST": {
    "n_bars": 400,
    "SR_gross": 3.8522452464081547,
    "SR_net": 3.320942858970847,
    "ret_ann_gross": 0.21902067023819058,
    "ret_ann_net": 0.18871740421638028,
    "max_dd_gross": -0.0256516203733278,
    "max_dd_net": -0.026505963694654633
  },
  "FULL": {
    "n_bars": 400,
    "SR_gross": 3.8522452464081547,
    "SR_net": 3.320942858970847,
    "ret_ann_gross": 0.21902067023819058,
    "ret_ann_net": 0.18871740421638028,
    "max_dd_gross": -0.0256516203733278,
    "max_dd_net": -0.026505963694654633
  }
}