{
  "_turnover_per_bar": 0.5345026525138855,
  "TRAIN": {
    "n_bars": 0,
    "SR_gross": NaN,
    "SR_net": NaN,
    "ret_ann_gross": NaN,
    "ret_ann_net": NaN,
    "max_dd_gross": NaN,
    "max_dd_net": NaN
  },
  "VAL": {
    "n_bars": 117,
    "SR_gross": 3.6333372847546848,
    "SR_net": 3.1085240439941852,
    "ret_ann_gross": 0.2046553937684026,
    "ret_ann_net": 0.17497087204715348,
    "max_dd_gross": -0.021642856916059383,
    "max_dd_net": -0.02244140426914709
  },
  "TEST": {
    "n_bars": 284,
    "SR_gross": 3.6649485897567247,
    "SR_net": 3.094191140184883,
    "ret_ann_gross": 0.20460713984757736,
    "ret_ann_net": 0.1727295865044627,
    "max_dd_gross": -0.024175396410281103,
    "max_dd_net": -0.02523089429331049
  },
  "VAL+TEST": {
    "n_bars": 400,
    "SR_gross": 3.6220413503892264,
    "SR_net": 3.064321679285518,
    "ret_ann_gross": 0.20250826929113566,
    "ret_ann_net": 0.1712838427113482,
    "max_dd_gross": -0.024175396410281325,
    "max_dd_net": -0.02523089429331049
  },
  "FULL": {
    "n_bars": 400,
    "SR_gross": 3.6220413503892264,
    "SR_net": 3.064321679285518,
    "ret_ann_gross": 0.20250826929113566,
    "ret_ann_net": 0.1712838427113482,
    "max_dd_gross": -0.024175396410281325,
    "max_dd_net": -0.02523089429331049
  }
}