{
  "alphas": [
    41,
    42,
    43,
    44,
    45,
    46,
    47,
    48,
    49,
    50,
    51,
    52,
    53,
    54,
    55,
    56,
    57,
    58,
    59,
    60,
    61,
    62,
    63,
    64,
    65,
    66,
    67,
    68,
    69,
    70,
    71,
    72,
    73,
    74,
    75,
    76,
    77,
    78,
    79,
    90,
    91,
    92,
    93,
    94,
    95,
    96,
    97,
    98,
    99,
    100,
    101,
    102,
    103,
    104,
    105,
    106,
    107,
    108,
    109,
    110,
    111
  ],
  "summary": {
    "equal_weight": {
      "train": {
        "name": "TRAIN",
        "sharpe_gross": 6.748114243366775,
        "sharpe_net": 5.1075748586611285,
        "ret_gross": 0.44305742961799915,
        "ret_net": 0.33338690484915223
      },
      "val": {
        "name": "VAL",
        "sharpe_gross": 6.317042940600652,
        "sharpe_net": 3.977755608944174,
        "ret_gross": 0.36217717553622164,
        "ret_net": 0.2280125111921462
      },
      "test": {
        "name": "TEST",
        "sharpe_gross": 5.465575608902014,
        "sharpe_net": 3.3796558139207047,
        "ret_gross": 0.2967306899682802,
        "ret_net": 0.18398248512959428
      },
      "full": {
        "name": "FULL",
        "sharpe_gross": 6.564637263463095,
        "sharpe_net": 4.812384906952001,
        "ret_gross": 0.4180542573999607,
        "ret_net": 0.3051166923102491
      },
      "turnover": 0.42690304185575284,
      "cost_bps_d": 4.481649408321889
    },
    "adaptive": {
      "train": {
        "name": "TRAIN",
        "sharpe_gross": 6.02481812485572,
        "sharpe_net": 4.273009794177827,
        "ret_gross": 0.419679230837401,
        "ret_net": 0.29674199481459634
      },
      "val": {
        "name": "VAL",
        "sharpe_gross": 6.270946102138211,
        "sharpe_net": 3.753356244770575,
        "ret_gross": 0.36399470014212054,
        "ret_net": 0.21793791632861473
      },
      "test": {
        "name": "TEST",
        "sharpe_gross": 4.749234131201048,
        "sharpe_net": 2.7282640272574055,
        "ret_gross": 0.3253150383895014,
        "ret_net": 0.1870543531741339
      },
      "full": {
        "name": "FULL",
        "sharpe_gross": 5.90194273347798,
        "sharpe_net": 4.044886187476003,
        "ret_gross": 0.4026701272801114,
        "ret_net": 0.2753897004387687
      },
      "turnover": 0.4476495752063673,
      "cost_bps_d": 5.050810588942171
    },
    "risk_parity": {
      "train": {
        "name": "TRAIN",
        "sharpe_gross": 6.0802019398092755,
        "sharpe_net": 4.369384941076019,
        "ret_gross": 0.42213660718565255,
        "ret_net": 0.30242691495991386
      },
      "val": {
        "name": "VAL",
        "sharpe_gross": 5.94262913095389,
        "sharpe_net": 3.5799291731094587,
        "ret_gross": 0.34949652274295007,
        "ret_net": 0.2106586123951463
      },
      "test": {
        "name": "TEST",
        "sharpe_gross": 4.522823616082603,
        "sharpe_net": 2.6659311955200016,
        "ret_gross": 0.30958384412635936,
        "ret_net": 0.18259032063001704
      },
      "full": {
        "name": "FULL",
        "sharpe_gross": 5.88916765927166,
        "sharpe_net": 4.096519951154184,
        "ret_gross": 0.4012766406006857,
        "ret_net": 0.27852366637334214
      },
      "turnover": 0.43361515337773276,
      "cost_bps_d": 4.871149770926334
    },
    "billions": {
      "train": {
        "name": "TRAIN",
        "sharpe_gross": 6.020201295993921,
        "sharpe_net": 4.348888266603667,
        "ret_gross": 0.40146972610276416,
        "ret_net": 0.28825287520796744
      },
      "val": {
        "name": "VAL",
        "sharpe_gross": 6.323493664917321,
        "sharpe_net": 3.783073843587611,
        "ret_gross": 0.362784896004331,
        "ret_net": 0.2170255070156556
      },
      "test": {
        "name": "TEST",
        "sharpe_gross": 4.8120564260727345,
        "sharpe_net": 2.800060917550753,
        "ret_gross": 0.32945556191609643,
        "ret_net": 0.19187008562541416
      },
      "full": {
        "name": "FULL",
        "sharpe_gross": 5.909380815622237,
        "sharpe_net": 4.109289518548302,
        "ret_gross": 0.38875045290172344,
        "ret_net": 0.2691347892641131
      },
      "turnover": 0.42087657734741807,
      "cost_bps_d": 4.746653318952787
    },
    "ic_weighted": {
      "train": {
        "name": "TRAIN",
        "sharpe_gross": 6.149126234996438,
        "sharpe_net": 4.381858009438154,
        "ret_gross": 0.42418825694708945,
        "ret_net": 0.30125415829285457
      },
      "val": {
        "name": "VAL",
        "sharpe_gross": 6.212057049424166,
        "sharpe_net": 3.6300622252151133,
        "ret_gross": 0.3595455741469275,
        "ret_net": 0.2101634736058298
      },
      "test": {
        "name": "TEST",
        "sharpe_gross": 4.833620536072669,
        "sharpe_net": 2.791729122781945,
        "ret_gross": 0.33332370625120183,
        "ret_net": 0.19272862365841376
      },
      "full": {
        "name": "FULL",
        "sharpe_gross": 6.001501609505744,
        "sharpe_net": 4.12196957278967,
        "ret_gross": 0.40642143179919726,
        "ret_net": 0.27850564648923626
      },
      "turnover": 0.45080583308753347,
      "cost_bps_d": 5.0760232265857566
    },
    "sharpe_weighted": {
      "train": {
        "name": "TRAIN",
        "sharpe_gross": 6.1030225257731,
        "sharpe_net": 4.332745130222003,
        "ret_gross": 0.42213754122390645,
        "ret_net": 0.2987424786609971
      },
      "val": {
        "name": "VAL",
        "sharpe_gross": 6.34927605460592,
        "sharpe_net": 3.802514111024816,
        "ret_gross": 0.36477845568372297,
        "ret_net": 0.2185973912834786
      },
      "test": {
        "name": "TEST",
        "sharpe_gross": 4.788117083118321,
        "sharpe_net": 2.7491951157788685,
        "ret_gross": 0.3289282636030915,
        "ret_net": 0.18905957518307973
      },
      "full": {
        "name": "FULL",
        "sharpe_gross": 5.974489301723918,
        "sharpe_net": 4.098082672806963,
        "ret_gross": 0.4050744816032796,
        "ret_net": 0.2772606477317133
      },
      "turnover": 0.44980444788509416,
      "cost_bps_d": 5.071977534585964
    },
    "topn_sharpe_10": {
      "train": {
        "name": "TRAIN",
        "sharpe_gross": 6.3297407531214205,
        "sharpe_net": 4.328588482284276,
        "ret_gross": 0.41244727243715334,
        "ret_net": 0.2809944208364163
      },
      "val": {
        "name": "VAL",
        "sharpe_gross": 6.853806401602226,
        "sharpe_net": 4.117786624407152,
        "ret_gross": 0.36772224732592546,
        "ret_net": 0.22130067802087974
      },
      "test": {
        "name": "TEST",
        "sharpe_gross": 4.607456593679005,
        "sharpe_net": 2.252285974204465,
        "ret_gross": 0.31165901952801145,
        "ret_net": 0.1525150311745065
      },
      "full": {
        "name": "FULL",
        "sharpe_gross": 6.17741813794854,
        "sharpe_net": 4.065728732130981,
        "ret_gross": 0.3962142297299219,
        "ret_net": 0.2601496639125368
      },
      "turnover": 0.47808112180782886,
      "cost_bps_d": 5.399387532435913
    },
    "QP_tcost": {
      "train": {
        "name": "TRAIN",
        "sharpe_gross": 5.507659332231915,
        "sharpe_net": 5.023605991295314,
        "ret_gross": 0.3381999269967416,
        "ret_net": 0.3085339868515668
      },
      "val": {
        "name": "VAL",
        "sharpe_gross": 5.759213600607484,
        "sharpe_net": 5.1560120986273965,
        "ret_gross": 0.29442259091398015,
        "ret_net": 0.2633591691527517
      },
      "test": {
        "name": "TEST",
        "sharpe_gross": 4.547569716776637,
        "sharpe_net": 3.926779608901009,
        "ret_gross": 0.22584198629101124,
        "ret_net": 0.19503715988992867
      },
      "full": {
        "name": "FULL",
        "sharpe_gross": 5.428410260035714,